CATEGORY,MODEL_OR_BRANCH,VERSION_OR_ARTIFACT,FILENAME_OR_REFERENCE,SHA256,PROVENANCE,STATUS,IN_FINAL_FIRMWARE_BUNDLE
Cudy Stock,LT500D V2 R25,2.4.16-20250804-150319,LT500V2-R25-2.4.16-20250804-150319-flash.bin,57aed945a9f485d178d73a844e420fc2b441e60821e243d3d19d07dd4a3143d6,First-party CDN,SOURCE_VERIFIED,YES
Cudy Donor,WR1200 V2 R26,1.17.4-20240206-085058,WR1200V2-R26-1.17.4-20240206-085058-flash.zip,,First-party Cudy CDN,SOURCE_VERIFIED,YES
Cudy Donor,WR1200 V2 R26,2.1.1-20240418-092852,WR1200V2-R26-2.1.1-20240418-092852-flash.zip,,First-party Cudy CDN,SOURCE_VERIFIED,YES
Cudy Donor,WR1200 V2 R26,2.2.8-20241015-160718,WR1200V2-R26-2.2.8-20241015-160718-flash.zip,,First-party Cudy CDN,SOURCE_VERIFIED,YES
Cudy Donor,WR1200 V2 R26,2.4.12-20250703-144919,WR1200V2-R26-2.4.12-20250703-144919-flash.zip,,First-party Cudy CDN,SOURCE_VERIFIED,YES
Cudy Donor,WR1200 V2 R26,2.4.23-20251224-145945,WR1200V2-R26-2.4.23-20251224-145945-flash.zip,,First-party Cudy CDN,SOURCE_VERIFIED,YES
Cudy Donor,WR1300 R10,1.13.6-20220314-112409,WR1300-R10-1.13.6-20220314-112409-flash_1.zip,,First-party Cudy CDN,SOURCE_VERIFIED,YES
Cudy Donor,WR2100 R11,1.14.25-20220730-212246,WR2100-R11-1.14.25-20220730-212246-flash.zip,,First-party Cudy CDN,SOURCE_VERIFIED,YES
Cudy Donor,C200P R74,2.5.14-20260618-150931,C200P-R74-2.5.14-20260618-150931-flash.zip,a4f5f6494bcbdf41bfcd8573a22531fbd2115b5cb2769f5f44da213a900a7e98,First-party Cudy CDN,SOURCE_VERIFIED,YES
Cudy Donor,C200P R74,2.5.14 inner,C200P-R74-2.5.14-20260618-150931-flash.bin,8ba6c51d13d72d2871a1b5e8bbcb4318c2fd4234898f8c1e9e6c30502913e0e8,Extracted exact package,SOURCE_VERIFIED,YES
Cudy Donor,C200P R74,2.5.15-20260629-160214,C200P-R74-2.5.15-20260629-160214-flash.zip,04fe2d3d59de6ee4e66e56fea010038ea033feac50e418148ee2528f5e08ed56,First-party Cudy CDN,SOURCE_VERIFIED,YES
Cudy Donor,C200P R74,2.5.15 inner,C200P-R74-2.5.15-20260629-160214-flash.bin,16a08d1cdf7e4714fc093d19f4fd3f38d1ffa0caa09d08652c885974565b54aa,Extracted exact package,SOURCE_VERIFIED,YES
Cudy Donor,P2 R91,2.4.22-20251204-184925,P2-R91-2.4.22-20251204-184925-sysupgrade.bin,592c494eb5f44beabb427907003801845ea0d47d51db50b1d5b97d40e3166b58,FU7 clean master exact,SOURCE_VERIFIED,YES
Cudy Donor,P2 R91,2.4.29-20260421-190344 ZIP,P2-R91-2.4.29-20260421-190344-sysupgrade.zip,610a783202e1768156b5b9368de8a136565f4186f18bca88ea4c2144819658ab,First-party Cudy CDN,SOURCE_VERIFIED,YES
Cudy Donor,P2 R91,2.4.29-20260421-190344 BIN,P2-R91-2.4.29-20260421-190344-sysupgrade.bin,33c9650709eb012348c0d7df31cb3d41ceefbf7d9ca8cebd0b22e0e0524a789c,Extracted exact package,SOURCE_VERIFIED,YES
Cudy Donor,P2 R91,2.4.29b-20260422-101502,P2-R91-2.4.29b-20260422-101502-sysupgrade.bin,3f8dae3d42ad6ba7d1314022eac6bc007d03fac274196b2c802f2835ab21c3f9,FU7 clean master exact,SOURCE_VERIFIED,YES
Cudy Donor,P2 modem,RG500 A09,P2_RG500_A09.bin,7402449ddc19db64e42e41031d35b4a36f01e4d8b19219fcf3c4c6def897f52b,FU7 clean master exact,SOURCE_VERIFIED,YES
Cudy Donor,R91 cellular upgrade,2.4.23b-20251208,R91-2.4.23b-20251208-CellularUpgrade.bin,9d27fb4535dff565cd8bb632933dc8a583f514bfcb2a027c740ddee0bc4f5f13,FU7 clean master exact,SOURCE_VERIFIED,YES
Cudy Donor,WR3000,AdBlock beta,WR3000-AdBlock-BETA-drive.bin,,FU7 clean master,SOURCE_VERIFIED,YES
Cudy Donor,TR3000,256MB donor,cudy_tr3000-256mb-v1-sysupgrade.bin,,FU7 clean master,SOURCE_VERIFIED,YES
Cudy Donor,LT300V3 R100,2.5.12-20260518-234632,R100 CSP2.5 donor package,8cd02de01b9db1caff6046d65768c9ce6f2c8db0913f6f7faa831971b5e46653,Prior exact donor corpus,SOURCE_VERIFIED,BEST_EFFORT
Cudy Donor,LT300V3 R100,2.5.12 inner,inner flash,03641ed863911618155ddb55ed2c45f4c23abd330a4e171bff4491ffcda49a82,Prior exact donor corpus,SOURCE_VERIFIED,BEST_EFFORT
Belkin Reference,F9K1109 v1,OpenWrt 19.07.0,openwrt-19.07.0-ramips-rt3883-belkin_f9k1109v1-squashfs-sysupgrade.bin,b5bf1e194274cd4401969dac145ccfbc90f7b55a9a109253e9a5a5740941118c,Official OpenWrt / user used reference,PHYSICAL_REFERENCE,YES
Belkin Reference,F9K1109 v1,OpenWrt 19.07.10,openwrt-19.07.10-ramips-rt3883-belkin_f9k1109v1-squashfs-sysupgrade.bin,3996ee73ad9965a1f0d4451913ca081e1bfbfc2c1049bd4751d56927cff41ea5,Official OpenWrt,STATIC_REFERENCE,YES
Cudy Reference,WR1000,OpenWrt 19.07.10,openwrt-19.07.10-ramips-mt76x8-cudy_wr1000-squashfs-factory.bin,18434c65cd3084c1c12c67bae39d26064e2dfe95bb2fdf1b85fa07db8e0c6451,Official OpenWrt,RESOURCE_REFERENCE,YES
Belkin Native,F9K1103 v1,LEDE 17.01.5 clean direct,lede-ramips-rt3883-f9k1103-squashfs-sysupgrade.bin,b78106c7509a31f886682e9d071f6d41fdaee7bd6f209add4a4aa6b61a9f0622,GitHub Actions run 36964886797,STATIC_VERIFIED,YES
Belkin Native,F9K1103 v1,LEDE 17.01.5 clean direct initramfs,LEDE initramfs,ec8c0d181804c27f2ceda71f6110a82b1dcd1e6c0cd178cc2c3f0e93787af1da,GitHub Actions run 36964886797,STATIC_VERIFIED,YES
Belkin Native,F9K1103 v1,LEDE 17.01.5 direct-LZMA,lede-ramips-rt3883-f9k1103-squashfs-sysupgrade.bin,67c4b54e108256a38a879873c7c2f267b3ec945413b53b10e0361b06c2170444,GitHub Actions run 36964149495,STATIC_VERIFIED,YES
Belkin Native,F9K1103 v1,LEDE 17.01.5 minimal,lede-ramips-rt3883-f9k1103-squashfs-sysupgrade.bin,a918447c22de77e2e446d0950cc119a5b47bfe14f3af43962df4d787b9f328c9,GitHub Actions run 36964690258,STATIC_VERIFIED,YES
Belkin Native,F9K1103 v1,OpenWrt 23.05.5,F9K1103 OpenWrt23 artifact,,GitHub Actions run 36031900371,BUILD_SUCCESS_STATIC,YES
Belkin Native,F9K1103 v1,ImmortalWrt 18.06,F9K1103 ImmortalWrt artifact,,GitHub Actions run 36031917929,BUILD_SUCCESS_STATIC,YES
OpenCudy Historical,R25,ENG06 sysupgrade,RE-LT500V2-R25-ENG06-sysupgrade.bin,f9a9d8ae1419df115804fcafc752de45f3cd240c3652fe1f24aa4b935d3408b8,Historical generated artifact,STATIC_VERIFIED,BEST_EFFORT
OpenCudy Current,R25,Candidate47 sysupgrade,RE-OPEN-CUDY-LT500V2-R25-C27-SYSUPGRADE-CANDIDATE-47.bin,8d51bc017a3e275c0ce3a5c05a659a4a3c4f55bb96370d0fabc81f3d1470a060,Historical generated artifact,TARGET_VERIFIED_FORMAT,BEST_EFFORT
OpenCudy Current,R25,Candidate47 fullflash,RE-OPEN-CUDY-LT500V2-R25-C27-FULLFLASH-CANDIDATE-47.bin,7118cfd798da459fc7d5ea0350501ec4a5bd088e0449d953dabf15929f89694f,Historical generated artifact,STATIC_VERIFIED,BEST_EFFORT
CSP2.5 Hybrid,R100-R25,old Candidate-02,RE-R100-R25-CSP25-SYSUPGRADE-CANDIDATE-02.bin,47290d1c168c7991decdbedfdf1a12821a5fe9df237b1510960c00eac5311a52,Historical generated artifact,REVOKED_DO_NOT_USE,BEST_EFFORT
